{
  "project_info": {
    "project_number": "680452633877",
    "project_id": "animalcare1-ca751",
    "storage_bucket": "animalcare1-ca751.appspot.com"
  },
  "client": [
    {
      "client_info": {
        "mobilesdk_app_id": "1:680452633877:android:f0b65a8985e9ec8586a51c",
        "android_client_info": {
          "package_name": "com.beegeniuses.animacare"
        }
      },
      "oauth_client": [
        {
          "client_id": "680452633877-t7j8hhsatgl8chng9trmnq1ff274jdpt.apps.googleusercontent.com",
          "client_type": 3
        }
      ],
      "api_key": [
        {
          "current_key": "AIzaSyDPPfPWfy9Pa78j-csKvfHhM_W2snpNua4"
        }
      ],
      "services": {
        "appinvite_service": {
          "other_platform_oauth_client": [
            {
              "client_id": "680452633877-t7j8hhsatgl8chng9trmnq1ff274jdpt.apps.googleusercontent.com",
              "client_type": 3
            }
          ]
        }
      }
    }
  ],
  "configuration_version": "1"
}